#,id,timestamp,amount,balance,change,action,initiator_name
1,1532,"Fri, 03/27/26 12:03:24 PM",113,23652322,+113,DEPOSIT,§7tranDvhoa1
2,1531,"Fri, 03/27/26 12:03:17 PM",333,23652209,-333,WITHDRAW,§7tranDvhoa1
3,1424,"Fri, 03/27/26 11:33:24 AM",275,23652542,-275,WITHDRAW,§7tranDvhoa1
4,1423,"Fri, 03/27/26 11:32:37 AM",91,23652817,-91,WITHDRAW,§7tranDvhoa1
5,1318,"Fri, 03/27/26 11:20:12 AM",123,23652908,+123,DEPOSIT,§7tranDvhoa1
6,1317,"Fri, 03/27/26 11:20:06 AM",321,23652785,-321,WITHDRAW,§7tranDvhoa1
7,1214,"Fri, 03/27/26 11:00:12 AM",222,23653106,+222,DEPOSIT,§7tranDvhoa1
8,1213,"Fri, 03/27/26 11:00:08 AM",111,23652884,+111,DEPOSIT,§7tranDvhoa1
9,1212,"Fri, 03/27/26 11:00:04 AM",200,23652773,-200,WITHDRAW,§7tranDvhoa1
10,1013,"Fri, 03/27/26 10:57:09 AM",90,23652973,+90,DEPOSIT,§7tranDvhoa1
11,1012,"Fri, 03/27/26 10:56:59 AM",100,23652883,-100,WITHDRAW,§7tranDvhoa1
12,914,"Fri, 03/27/26 10:49:30 AM",70,23652983,+70,DEPOSIT,§7tranDvhoa1
13,913,"Fri, 03/27/26 10:49:26 AM",56,23652913,-56,WITHDRAW,§7tranDvhoa1
14,912,"Fri, 03/27/26 10:49:23 AM",13,23652969,+13,DEPOSIT,§7tranDvhoa1
15,911,"Fri, 03/27/26 10:49:18 AM",14,23652956,-14,WITHDRAW,§7tranDvhoa1
16,631,"Fri, 03/27/26 01:31:57 AM",13,23652970,-13,WITHDRAW,§7tranDvhoa1
17,538,"Fri, 03/27/26 01:28:49 AM",13,23652983,-13,WITHDRAW,§7tranDvhoa1
18,537,"Fri, 03/27/26 01:27:25 AM",11,23652996,-11,WITHDRAW,§7tranDvhoa1
19,446,"Fri, 03/27/26 01:26:38 AM",12,23653007,-12,WITHDRAW,§7tranDvhoa1
20,445,"Fri, 03/27/26 01:26:34 AM",5,23653019,-5,WITHDRAW,§7tranDvhoa1
21,89,"Thu, 03/26/26 19:42:09 PM",2,23653024,-2,WITHDRAW,§7tranDvhoa1
22,88,"Thu, 03/26/26 19:35:42 PM",89742,23653026,"+89,742",DEPOSIT,§7tranDvhoa1
23,87,"Thu, 03/26/26 19:35:35 PM",89742,23563284,"-89,742",WITHDRAW,§7tranDvhoa1
24,86,"Thu, 03/26/26 18:26:22 PM",12345677,23653026,"+12,345,677",DEPOSIT,§7tranDvhoa1
25,85,"Thu, 03/26/26 18:26:10 PM",12345678,11307349,"-12,345,678",WITHDRAW,§7tranDvhoa1
26,84,"Thu, 03/26/26 18:20:18 PM",15000000,23653027,"+15,000,000",DEPOSIT,§7tranDvhoa1
27,83,"Thu, 03/26/26 18:19:49 PM",15000000,8653027,"-15,000,000",WITHDRAW,§7tranDvhoa1
28,82,"Thu, 03/26/26 18:11:38 PM",381406,23653027,"+381,406",DEPOSIT,§7tranDvhoa1
29,81,"Thu, 03/26/26 18:11:36 PM",762812,23271621,"+762,812",DEPOSIT,§7tranDvhoa1
30,80,"Thu, 03/26/26 18:11:34 PM",1525624,22508809,"+1,525,624",DEPOSIT,§7tranDvhoa1
31,79,"Thu, 03/26/26 18:11:32 PM",3051247,20983185,"+3,051,247",DEPOSIT,§7tranDvhoa1
32,78,"Thu, 03/26/26 18:11:30 PM",6102494,17931938,"+6,102,494",DEPOSIT,§7tranDvhoa1
33,77,"Thu, 03/26/26 18:10:29 PM",11829445,11829444,"-11,829,445",WITHDRAW,§7tranDvhoa1
34,76,"Thu, 03/26/26 18:06:20 PM",375538,23658889,"+375,538",DEPOSIT,§7tranDvhoa1
35,75,"Thu, 03/26/26 18:06:18 PM",751076,23283351,"+751,076",DEPOSIT,§7tranDvhoa1
36,74,"Thu, 03/26/26 18:06:16 PM",1502152,22532275,"+1,502,152",DEPOSIT,§7tranDvhoa1
37,73,"Thu, 03/26/26 18:06:14 PM",3004303,21030123,"+3,004,303",DEPOSIT,§7tranDvhoa1
38,72,"Thu, 03/26/26 18:06:11 PM",6008606,18025820,"+6,008,606",DEPOSIT,§7tranDvhoa1
39,71,"Thu, 03/26/26 18:06:07 PM",12017213,12017214,"-12,017,213",WITHDRAW,§7tranDvhoa1
40,70,"Thu, 03/26/26 18:06:00 PM",12188647,24034427,"+12,188,647",DEPOSIT,§7tranDvhoa1
41,69,"Thu, 03/26/26 18:05:57 PM",11845780,11845780,"-11,845,780",WITHDRAW,§7tranDvhoa1
42,68,"Thu, 03/26/26 16:45:12 PM",400000,23691560,"-400,000",WITHDRAW,§7tranDvhoa1
43,67,"Thu, 03/26/26 16:08:31 PM",300000,24091560,"-300,000",WITHDRAW,§7tranDvhoa1
44,66,"Thu, 03/26/26 16:07:38 PM",441949,24391560,"+441,949",DEPOSIT,§7tranDvhoa1
45,65,"Thu, 03/26/26 15:06:17 PM",488467,23949611,"+488,467",DEPOSIT,§7tranDvhoa1
46,64,"Thu, 03/26/26 15:06:15 PM",976933,23461144,"+976,933",DEPOSIT,§7tranDvhoa1
47,63,"Thu, 03/26/26 14:50:45 PM",255000,22484211,"+255,000",DEPOSIT,Bank Interest
48,62,"Wed, 03/25/26 11:49:01 AM",255000,22229211,"+255,000",DEPOSIT,Bank Interest
49,61,"Tue, 03/24/26 20:52:37 PM",700000,21974211,"-700,000",WITHDRAW,§7tranDvhoa1
50,60,"Tue, 03/24/26 20:15:33 PM",461522,22674211,"+461,522",DEPOSIT,§7tranDvhoa1
51,59,"Tue, 03/24/26 19:25:24 PM",300000,22212689,"-300,000",WITHDRAW,§7tranDvhoa1
52,58,"Tue, 03/24/26 19:17:09 PM",237362,22512689,"+237,362",DEPOSIT,§7tranDvhoa1
53,57,"Tue, 03/24/26 19:17:07 PM",474724,22275327,"+474,724",DEPOSIT,§7tranDvhoa1
54,56,"Tue, 03/24/26 19:17:06 PM",949447,21800603,"+949,447",DEPOSIT,§7tranDvhoa1
55,55,"Tue, 03/24/26 18:39:23 PM",1400000,20851156,"-1,400,000",WITHDRAW,§7tranDvhoa1
56,54,"Tue, 03/24/26 18:39:07 PM",33090,22251156,"-33,090",WITHDRAW,§7tranDvhoa1
57,53,"Tue, 03/24/26 16:11:39 PM",251984,22284246,"+251,984",DEPOSIT,§7tranDvhoa1
58,52,"Tue, 03/24/26 16:11:38 PM",503967,22032262,"+503,967",DEPOSIT,§7tranDvhoa1
59,51,"Tue, 03/24/26 15:04:24 PM",500000,21528295,"-500,000",WITHDRAW,§7tranDvhoa1
60,50,"Tue, 03/24/26 13:52:50 PM",200000,22028295,"-200,000",WITHDRAW,§7tranDvhoa1
61,49,"Tue, 03/24/26 13:52:45 PM",102664,22228295,"+102,664",DEPOSIT,§7tranDvhoa1
62,48,"Tue, 03/24/26 11:04:54 AM",318901,22125631,"+318,901",DEPOSIT,§7tranDvhoa1
63,47,"Tue, 03/24/26 11:04:53 AM",637802,21806730,"+637,802",DEPOSIT,§7tranDvhoa1
64,46,"Tue, 03/24/26 10:42:22 AM",624181,21168928,"+624,181",DEPOSIT,§7tranDvhoa1
65,45,"Tue, 03/24/26 10:42:20 AM",1248362,20544747,"+1,248,362",DEPOSIT,§7tranDvhoa1
66,44,"Tue, 03/24/26 10:42:19 AM",2496725,19296385,"+2,496,725",DEPOSIT,§7tranDvhoa1
67,43,"Tue, 03/24/26 09:37:27 AM",300000,16799660,"-300,000",WITHDRAW,§7tranDvhoa1
68,42,"Tue, 03/24/26 09:29:46 AM",1000000,17099660,"-1,000,000",WITHDRAW,§7tranDvhoa1
69,41,"Tue, 03/24/26 08:51:48 AM",260822,18099660,"+260,822",DEPOSIT,§7tranDvhoa1
70,40,"Tue, 03/24/26 08:51:32 AM",483021,17838838,"+483,021",DEPOSIT,§7tranDvhoa1
71,39,"Tue, 03/24/26 08:51:31 AM",966041,17355817,"+966,041",DEPOSIT,§7tranDvhoa1
72,38,"Tue, 03/24/26 08:12:51 AM",391738,16389776,"+391,738",DEPOSIT,§7tranDvhoa1
73,37,"Tue, 03/24/26 08:10:47 AM",255000,15998038,"+255,000",DEPOSIT,Bank Interest
74,36,"Mon, 03/23/26 14:25:01 PM",500000,15743038,"-500,000",WITHDRAW,§7tranDvhoa1
75,35,"Sun, 03/22/26 23:06:30 PM",326430,16243038,"+326,430",DEPOSIT,§7tranDvhoa1
76,34,"Sun, 03/22/26 23:03:53 PM",301268,15916608,"+301,268",DEPOSIT,§7tranDvhoa1
77,33,"Sun, 03/22/26 21:58:16 PM",200000,15615340,"-200,000",WITHDRAW,§7tranDvhoa1
78,32,"Sun, 03/22/26 21:57:54 PM",1155925,15815340,"+1,155,925",DEPOSIT,§7tranDvhoa1
79,31,"Sun, 03/22/26 21:16:40 PM",5000000,14659415,"-5,000,000",WITHDRAW,§7tranDvhoa1
80,30,"Sun, 03/22/26 20:52:24 PM",700000,19659415,"-700,000",WITHDRAW,§7tranDvhoa1
81,29,"Sun, 03/22/26 20:49:02 PM",200000,20359415,"-200,000",WITHDRAW,§7tranDvhoa1
82,28,"Sun, 03/22/26 20:48:42 PM",650000,20559415,"-650,000",WITHDRAW,§7tranDvhoa1
83,27,"Sun, 03/22/26 19:33:14 PM",375000,21209415,"-375,000",WITHDRAW,§7tranDvhoa1
84,26,"Sun, 03/22/26 19:32:12 PM",700000,21584415,"-700,000",WITHDRAW,§7tranDvhoa1
85,25,"Sun, 03/22/26 18:43:43 PM",600000,22284415,"-600,000",WITHDRAW,§7tranDvhoa1
86,24,"Sun, 03/22/26 18:20:27 PM",500000,22884415,"-500,000",WITHDRAW,§7tranDvhoa1
87,23,"Sun, 03/22/26 18:16:39 PM",364749,23384415,"+364,749",DEPOSIT,§7tranDvhoa1
88,22,"Sun, 03/22/26 18:13:51 PM",299749,23019666,"+299,749",DEPOSIT,§7tranDvhoa1
89,21,"Sun, 03/22/26 18:13:50 PM",599498,22719917,"+599,498",DEPOSIT,§7tranDvhoa1
90,20,"Sun, 03/22/26 18:07:19 PM",255000,22120419,"+255,000",DEPOSIT,Bank Interest
91,19,"Sat, 03/21/26 14:25:51 PM",255000,21865419,"+255,000",DEPOSIT,Bank Interest
92,18,"Fri, 03/20/26 23:17:43 PM",600000,21610419,"-600,000",WITHDRAW,§7tranDvhoa1
93,17,"Fri, 03/20/26 18:08:32 PM",400000,22210419,"-400,000",WITHDRAW,§7tranDvhoa1
94,16,"Fri, 03/20/26 18:07:57 PM",300000,22610419,"-300,000",WITHDRAW,§7tranDvhoa1
95,14,"Fri, 03/20/26 17:57:56 PM",521069,22649885,"+521,069",DEPOSIT,§7tranDvhoa1
96,13,"Fri, 03/20/26 17:57:55 PM",1042138,22128816,"+1,042,138",DEPOSIT,§7tranDvhoa1
97,12,"Fri, 03/20/26 17:13:27 PM",451890,21086678,"+451,890",DEPOSIT,§7tranDvhoa1
98,11,"Fri, 03/20/26 17:13:26 PM",903781,20634788,"+903,781",DEPOSIT,§7tranDvhoa1
99,10,"Fri, 03/20/26 17:04:23 PM",733103,19731007,"+733,103",DEPOSIT,§7tranDvhoa1
100,9,"Fri, 03/20/26 17:03:59 PM",2000000,18997904,"-2,000,000",WITHDRAW,§7tranDvhoa1
101,8,"Fri, 03/20/26 16:22:49 PM",700000,20997904,"-700,000",WITHDRAW,§7tranDvhoa1
102,7,"Fri, 03/20/26 16:10:56 PM",300000,21697904,"-300,000",WITHDRAW,§7tranDvhoa1
103,6,"Fri, 03/20/26 15:34:04 PM",268637,21997904,"+268,637",DEPOSIT,§7tranDvhoa1
104,5,"Fri, 03/20/26 15:34:03 PM",537274,21729267,"+537,274",DEPOSIT,§7tranDvhoa1
105,4,"Fri, 03/20/26 14:08:52 PM",600000,21191993,"-600,000",WITHDRAW,§7tranDvhoa1
106,3,"Fri, 03/20/26 14:06:22 PM",300000,21791993,"-300,000",WITHDRAW,§7tranDvhoa1
107,2,"Fri, 03/20/26 13:34:57 PM",200000,22091993,"-200,000",WITHDRAW,§7tranDvhoa1
108,1,"Fri, 03/20/26 00:05:22 AM",250000,22291993,"+250,000",DEPOSIT,Bank Interest
